/*
Navicat MySQL Data Transfer

Source Server         : MySQL
Source Server Version : 50540
Source Host           : localhost:3306
Source Database       : easyblog

Target Server Type    : MYSQL
Target Server Version : 50540
File Encoding         : 65001

Date: 2020-03-24 20:07:09
*/

SET FOREIGN_KEY_CHECKS=0;

-- ----------------------------
-- Table structure for t_blog
-- ----------------------------
DROP TABLE IF EXISTS `t_blog`;
CREATE TABLE `t_blog` (
  `id` bigint(255) NOT NULL AUTO_INCREMENT,
  `title` varchar(100) DEFAULT NULL,
  `content` text,
  `firstPicture` varchar(100) DEFAULT NULL,
  `flag` varchar(100) DEFAULT NULL,
  `views` int(10) DEFAULT NULL,
  `appreciation` int(1) DEFAULT NULL,
  `shareStatement` int(1) DEFAULT NULL,
  `commentabled` int(1) DEFAULT NULL,
  `published` int(1) DEFAULT NULL,
  `recommend` int(1) DEFAULT NULL,
  `createTime` datetime DEFAULT NULL,
  `updateTime` datetime DEFAULT NULL,
  `typeId` bigint(255) DEFAULT NULL,
  `userId` bigint(255) DEFAULT NULL,
  `contentText` text,
  PRIMARY KEY (`id`)
) ENGINE=InnoDB AUTO_INCREMENT=17 DEFAULT CHARSET=utf8;

-- ----------------------------
-- Records of t_blog
-- ----------------------------
INSERT INTO `t_blog` VALUES ('1', '测试1', '<h3 id=\"h3--\"><a name=\"第一句：\" class=\"reference-link\"></a><span class=\"header-link octicon octicon-link\"></span>　　第一句：</h3><p>　　做人，一定要知恩图报！别忘了曾经帮助过你的恩人，别伤害经常指引你的贵人，否则，你的朋友会越来越少，你的人生会越过越难。</p>\n<h3 id=\"h3--\"><a name=\"第二句：\" class=\"reference-link\"></a><span class=\"header-link octicon octicon-link\"></span>　　第二句：</h3><p>　　别人怎么看你，怎么说你，都是他们的事，和你毫无关系，你要怎么活，怎么过，也和他们毫无关系，做好你自己，无需去在意。</p>\n<h3 id=\"h3--\"><a name=\"第三句：\" class=\"reference-link\"></a><span class=\"header-link octicon octicon-link\"></span>　　第三句：</h3><p>　　当你到了一定的年龄，你就会明白，聪明是一种天赋，而善良是一种选择，善良永远比聪明难做！</p>\n<h3 id=\"h3--\"><a name=\"第四句：\" class=\"reference-link\"></a><span class=\"header-link octicon octicon-link\"></span>　　第四句：</h3><p>　　不联系，不代表忘记，但是不闻不问一定是疏远了，变淡了，彼此沉默太久，最后连问候都需要斟酌，连主动都需要勇气！</p>\n<h3 id=\"h3--\"><a name=\"第五句：\" class=\"reference-link\"></a><span class=\"header-link octicon octicon-link\"></span>　　第五句：</h3><p>　　语言，是最具有影响力的的东西，也是最具有杀伤力的武器，所以永远不要嘲讽和用比较绝的话去伤害那些爱你的人。</p>\n<h3 id=\"h3--\"><a name=\"第六句：\" class=\"reference-link\"></a><span class=\"header-link octicon octicon-link\"></span>　　第六句：</h3><p>　　有时候，等待会等来遗憾，所谓的来日方长，其实就是挥手告别。机会错过了，没有下一次，真情错过了，就是一辈子！</p>\n<h3 id=\"h3--\"><a name=\"第七句：\" class=\"reference-link\"></a><span class=\"header-link octicon octicon-link\"></span>　　第七句：</h3><p>　　不纠缠，不抱怨，不强求，不计算，用顺其自然的心态，过轻松自在的生活，用心甘情愿的态度，过随遇而安的人生。</p>\n<h3 id=\"h3--\"><a name=\"第八句：\" class=\"reference-link\"></a><span class=\"header-link octicon octicon-link\"></span>　　第八句：</h3><p>　　有些人和事，不是别人错了，而是自己看错了，自己眼瞎别怪别人，其实都是自己的问题。</p>\n<h3 id=\"h3--\"><a name=\"第九句：\" class=\"reference-link\"></a><span class=\"header-link octicon octicon-link\"></span>　　第九句：</h3><p>　　有时候，我们原谅了别人，却依然不快乐，我们放下了仇恨，却依然不开心，那是因为，我们忘了原谅自己，放过自己。</p>\n<h3 id=\"h3--\"><a name=\"第十句：\" class=\"reference-link\"></a><span class=\"header-link octicon octicon-link\"></span>　　第十句：</h3><p>　　最好的幸福，就是活着！以自己喜欢的方式活着，不要管别人如何对待你、评价你，健康快乐才是重点，才大于一切！</p>\n', 'https://unsplash.it/1000/600?image=1005', '原创', '12', '1', '1', '1', '1', '1', '2019-09-05 14:11:35', '2020-03-14 14:27:39', '1', '1', '### 　　第一句：\n　　做人，一定要知恩图报！别忘了曾经帮助过你的恩人，别伤害经常指引你的贵人，否则，你的朋友会越来越少，你的人生会越过越难。\n\n### 　　第二句：\n　　别人怎么看你，怎么说你，都是他们的事，和你毫无关系，你要怎么活，怎么过，也和他们毫无关系，做好你自己，无需去在意。\n\n### 　　第三句：\n　　当你到了一定的年龄，你就会明白，聪明是一种天赋，而善良是一种选择，善良永远比聪明难做！\n\n### 　　第四句：\n　　不联系，不代表忘记，但是不闻不问一定是疏远了，变淡了，彼此沉默太久，最后连问候都需要斟酌，连主动都需要勇气！\n\n### 　　第五句：\n　　语言，是最具有影响力的的东西，也是最具有杀伤力的武器，所以永远不要嘲讽和用比较绝的话去伤害那些爱你的人。\n\n### 　　第六句：\n　　有时候，等待会等来遗憾，所谓的来日方长，其实就是挥手告别。机会错过了，没有下一次，真情错过了，就是一辈子！\n\n### 　　第七句：\n　　不纠缠，不抱怨，不强求，不计算，用顺其自然的心态，过轻松自在的生活，用心甘情愿的态度，过随遇而安的人生。\n\n### 　　第八句：\n　　有些人和事，不是别人错了，而是自己看错了，自己眼瞎别怪别人，其实都是自己的问题。\n\n### 　　第九句：\n　　有时候，我们原谅了别人，却依然不快乐，我们放下了仇恨，却依然不开心，那是因为，我们忘了原谅自己，放过自己。\n\n### 　　第十句：\n　　最好的幸福，就是活着！以自己喜欢的方式活着，不要管别人如何对待你、评价你，健康快乐才是重点，才大于一切！');
INSERT INTO `t_blog` VALUES ('2', '测试2', '<h3 id=\"h3--\"><a name=\"第一句：\" class=\"reference-link\"></a><span class=\"header-link octicon octicon-link\"></span>　　第一句：</h3><p>　　做人，一定要知恩图报！别忘了曾经帮助过你的恩人，别伤害经常指引你的贵人，否则，你的朋友会越来越少，你的人生会越过越难。</p>\n<h3 id=\"h3--\"><a name=\"第二句：\" class=\"reference-link\"></a><span class=\"header-link octicon octicon-link\"></span>　　第二句：</h3><p>　　别人怎么看你，怎么说你，都是他们的事，和你毫无关系，你要怎么活，怎么过，也和他们毫无关系，做好你自己，无需去在意。</p>\n<h3 id=\"h3--\"><a name=\"第三句：\" class=\"reference-link\"></a><span class=\"header-link octicon octicon-link\"></span>　　第三句：</h3><p>　　当你到了一定的年龄，你就会明白，聪明是一种天赋，而善良是一种选择，善良永远比聪明难做！</p>\n<h3 id=\"h3--\"><a name=\"第四句：\" class=\"reference-link\"></a><span class=\"header-link octicon octicon-link\"></span>　　第四句：</h3><p>　　不联系，不代表忘记，但是不闻不问一定是疏远了，变淡了，彼此沉默太久，最后连问候都需要斟酌，连主动都需要勇气！</p>\n<h3 id=\"h3--\"><a name=\"第五句：\" class=\"reference-link\"></a><span class=\"header-link octicon octicon-link\"></span>　　第五句：</h3><p>　　语言，是最具有影响力的的东西，也是最具有杀伤力的武器，所以永远不要嘲讽和用比较绝的话去伤害那些爱你的人。</p>\n<h3 id=\"h3--\"><a name=\"第六句：\" class=\"reference-link\"></a><span class=\"header-link octicon octicon-link\"></span>　　第六句：</h3><p>　　有时候，等待会等来遗憾，所谓的来日方长，其实就是挥手告别。机会错过了，没有下一次，真情错过了，就是一辈子！</p>\n<h3 id=\"h3--\"><a name=\"第七句：\" class=\"reference-link\"></a><span class=\"header-link octicon octicon-link\"></span>　　第七句：</h3><p>　　不纠缠，不抱怨，不强求，不计算，用顺其自然的心态，过轻松自在的生活，用心甘情愿的态度，过随遇而安的人生。</p>\n<h3 id=\"h3--\"><a name=\"第八句：\" class=\"reference-link\"></a><span class=\"header-link octicon octicon-link\"></span>　　第八句：</h3><p>　　有些人和事，不是别人错了，而是自己看错了，自己眼瞎别怪别人，其实都是自己的问题。</p>\n<h3 id=\"h3--\"><a name=\"第九句：\" class=\"reference-link\"></a><span class=\"header-link octicon octicon-link\"></span>　　第九句：</h3><p>　　有时候，我们原谅了别人，却依然不快乐，我们放下了仇恨，却依然不开心，那是因为，我们忘了原谅自己，放过自己。</p>\n<h3 id=\"h3--\"><a name=\"第十句：\" class=\"reference-link\"></a><span class=\"header-link octicon octicon-link\"></span>　　第十句：</h3><p>　　最好的幸福，就是活着！以自己喜欢的方式活着，不要管别人如何对待你、评价你，健康快乐才是重点，才大于一切！</p>\n', 'https://unsplash.it/1000/600?image=1005', '转载', '12', '1', '0', '1', '1', '1', '2017-08-24 14:09:06', '2020-03-14 06:14:08', '1', '1', '### 　　第一句：\n　　做人，一定要知恩图报！别忘了曾经帮助过你的恩人，别伤害经常指引你的贵人，否则，你的朋友会越来越少，你的人生会越过越难。\n\n### 　　第二句：\n　　别人怎么看你，怎么说你，都是他们的事，和你毫无关系，你要怎么活，怎么过，也和他们毫无关系，做好你自己，无需去在意。\n\n### 　　第三句：\n　　当你到了一定的年龄，你就会明白，聪明是一种天赋，而善良是一种选择，善良永远比聪明难做！\n\n### 　　第四句：\n　　不联系，不代表忘记，但是不闻不问一定是疏远了，变淡了，彼此沉默太久，最后连问候都需要斟酌，连主动都需要勇气！\n\n### 　　第五句：\n　　语言，是最具有影响力的的东西，也是最具有杀伤力的武器，所以永远不要嘲讽和用比较绝的话去伤害那些爱你的人。\n\n### 　　第六句：\n　　有时候，等待会等来遗憾，所谓的来日方长，其实就是挥手告别。机会错过了，没有下一次，真情错过了，就是一辈子！\n\n### 　　第七句：\n　　不纠缠，不抱怨，不强求，不计算，用顺其自然的心态，过轻松自在的生活，用心甘情愿的态度，过随遇而安的人生。\n\n### 　　第八句：\n　　有些人和事，不是别人错了，而是自己看错了，自己眼瞎别怪别人，其实都是自己的问题。\n\n### 　　第九句：\n　　有时候，我们原谅了别人，却依然不快乐，我们放下了仇恨，却依然不开心，那是因为，我们忘了原谅自己，放过自己。\n\n### 　　第十句：\n　　最好的幸福，就是活着！以自己喜欢的方式活着，不要管别人如何对待你、评价你，健康快乐才是重点，才大于一切！');
INSERT INTO `t_blog` VALUES ('3', '测试3', '<h3 id=\"h3--\"><a name=\"第一句：\" class=\"reference-link\"></a><span class=\"header-link octicon octicon-link\"></span>　　第一句：</h3><p>　　做人，一定要知恩图报！别忘了曾经帮助过你的恩人，别伤害经常指引你的贵人，否则，你的朋友会越来越少，你的人生会越过越难。</p>\n<h3 id=\"h3--\"><a name=\"第二句：\" class=\"reference-link\"></a><span class=\"header-link octicon octicon-link\"></span>　　第二句：</h3><p>　　别人怎么看你，怎么说你，都是他们的事，和你毫无关系，你要怎么活，怎么过，也和他们毫无关系，做好你自己，无需去在意。</p>\n<h3 id=\"h3--\"><a name=\"第三句：\" class=\"reference-link\"></a><span class=\"header-link octicon octicon-link\"></span>　　第三句：</h3><p>　　当你到了一定的年龄，你就会明白，聪明是一种天赋，而善良是一种选择，善良永远比聪明难做！</p>\n<h3 id=\"h3--\"><a name=\"第四句：\" class=\"reference-link\"></a><span class=\"header-link octicon octicon-link\"></span>　　第四句：</h3><p>　　不联系，不代表忘记，但是不闻不问一定是疏远了，变淡了，彼此沉默太久，最后连问候都需要斟酌，连主动都需要勇气！</p>\n<h3 id=\"h3--\"><a name=\"第五句：\" class=\"reference-link\"></a><span class=\"header-link octicon octicon-link\"></span>　　第五句：</h3><p>　　语言，是最具有影响力的的东西，也是最具有杀伤力的武器，所以永远不要嘲讽和用比较绝的话去伤害那些爱你的人。</p>\n<h3 id=\"h3--\"><a name=\"第六句：\" class=\"reference-link\"></a><span class=\"header-link octicon octicon-link\"></span>　　第六句：</h3><p>　　有时候，等待会等来遗憾，所谓的来日方长，其实就是挥手告别。机会错过了，没有下一次，真情错过了，就是一辈子！</p>\n<h3 id=\"h3--\"><a name=\"第七句：\" class=\"reference-link\"></a><span class=\"header-link octicon octicon-link\"></span>　　第七句：</h3><p>　　不纠缠，不抱怨，不强求，不计算，用顺其自然的心态，过轻松自在的生活，用心甘情愿的态度，过随遇而安的人生。</p>\n<h3 id=\"h3--\"><a name=\"第八句：\" class=\"reference-link\"></a><span class=\"header-link octicon octicon-link\"></span>　　第八句：</h3><p>　　有些人和事，不是别人错了，而是自己看错了，自己眼瞎别怪别人，其实都是自己的问题。</p>\n<h3 id=\"h3--\"><a name=\"第九句：\" class=\"reference-link\"></a><span class=\"header-link octicon octicon-link\"></span>　　第九句：</h3><p>　　有时候，我们原谅了别人，却依然不快乐，我们放下了仇恨，却依然不开心，那是因为，我们忘了原谅自己，放过自己。</p>\n<h3 id=\"h3--\"><a name=\"第十句：\" class=\"reference-link\"></a><span class=\"header-link octicon octicon-link\"></span>　　第十句：</h3><p>　　最好的幸福，就是活着！以自己喜欢的方式活着，不要管别人如何对待你、评价你，健康快乐才是重点，才大于一切！</p>\n', 'https://unsplash.it/1000/600?image=1005', '转载', '12', '1', '0', '1', '1', '1', '2018-06-09 13:49:33', '2020-03-14 14:28:30', '2', '1', '### 　　第一句：\n　　做人，一定要知恩图报！别忘了曾经帮助过你的恩人，别伤害经常指引你的贵人，否则，你的朋友会越来越少，你的人生会越过越难。\n\n### 　　第二句：\n　　别人怎么看你，怎么说你，都是他们的事，和你毫无关系，你要怎么活，怎么过，也和他们毫无关系，做好你自己，无需去在意。\n\n### 　　第三句：\n　　当你到了一定的年龄，你就会明白，聪明是一种天赋，而善良是一种选择，善良永远比聪明难做！\n\n### 　　第四句：\n　　不联系，不代表忘记，但是不闻不问一定是疏远了，变淡了，彼此沉默太久，最后连问候都需要斟酌，连主动都需要勇气！\n\n### 　　第五句：\n　　语言，是最具有影响力的的东西，也是最具有杀伤力的武器，所以永远不要嘲讽和用比较绝的话去伤害那些爱你的人。\n\n### 　　第六句：\n　　有时候，等待会等来遗憾，所谓的来日方长，其实就是挥手告别。机会错过了，没有下一次，真情错过了，就是一辈子！\n\n### 　　第七句：\n　　不纠缠，不抱怨，不强求，不计算，用顺其自然的心态，过轻松自在的生活，用心甘情愿的态度，过随遇而安的人生。\n\n### 　　第八句：\n　　有些人和事，不是别人错了，而是自己看错了，自己眼瞎别怪别人，其实都是自己的问题。\n\n### 　　第九句：\n　　有时候，我们原谅了别人，却依然不快乐，我们放下了仇恨，却依然不开心，那是因为，我们忘了原谅自己，放过自己。\n\n### 　　第十句：\n　　最好的幸福，就是活着！以自己喜欢的方式活着，不要管别人如何对待你、评价你，健康快乐才是重点，才大于一切！');
INSERT INTO `t_blog` VALUES ('4', '测试4', '<h3 id=\"h3--\"><a name=\"第一句：\" class=\"reference-link\"></a><span class=\"header-link octicon octicon-link\"></span>　　第一句：</h3><p>　　做人，一定要知恩图报！别忘了曾经帮助过你的恩人，别伤害经常指引你的贵人，否则，你的朋友会越来越少，你的人生会越过越难。</p>\n<h3 id=\"h3--\"><a name=\"第二句：\" class=\"reference-link\"></a><span class=\"header-link octicon octicon-link\"></span>　　第二句：</h3><p>　　别人怎么看你，怎么说你，都是他们的事，和你毫无关系，你要怎么活，怎么过，也和他们毫无关系，做好你自己，无需去在意。</p>\n<h3 id=\"h3--\"><a name=\"第三句：\" class=\"reference-link\"></a><span class=\"header-link octicon octicon-link\"></span>　　第三句：</h3><p>　　当你到了一定的年龄，你就会明白，聪明是一种天赋，而善良是一种选择，善良永远比聪明难做！</p>\n<h3 id=\"h3--\"><a name=\"第四句：\" class=\"reference-link\"></a><span class=\"header-link octicon octicon-link\"></span>　　第四句：</h3><p>　　不联系，不代表忘记，但是不闻不问一定是疏远了，变淡了，彼此沉默太久，最后连问候都需要斟酌，连主动都需要勇气！</p>\n<h3 id=\"h3--\"><a name=\"第五句：\" class=\"reference-link\"></a><span class=\"header-link octicon octicon-link\"></span>　　第五句：</h3><p>　　语言，是最具有影响力的的东西，也是最具有杀伤力的武器，所以永远不要嘲讽和用比较绝的话去伤害那些爱你的人。</p>\n<h3 id=\"h3--\"><a name=\"第六句：\" class=\"reference-link\"></a><span class=\"header-link octicon octicon-link\"></span>　　第六句：</h3><p>　　有时候，等待会等来遗憾，所谓的来日方长，其实就是挥手告别。机会错过了，没有下一次，真情错过了，就是一辈子！</p>\n<h3 id=\"h3--\"><a name=\"第七句：\" class=\"reference-link\"></a><span class=\"header-link octicon octicon-link\"></span>　　第七句：</h3><p>　　不纠缠，不抱怨，不强求，不计算，用顺其自然的心态，过轻松自在的生活，用心甘情愿的态度，过随遇而安的人生。</p>\n<h3 id=\"h3--\"><a name=\"第八句：\" class=\"reference-link\"></a><span class=\"header-link octicon octicon-link\"></span>　　第八句：</h3><p>　　有些人和事，不是别人错了，而是自己看错了，自己眼瞎别怪别人，其实都是自己的问题。</p>\n<h3 id=\"h3--\"><a name=\"第九句：\" class=\"reference-link\"></a><span class=\"header-link octicon octicon-link\"></span>　　第九句：</h3><p>　　有时候，我们原谅了别人，却依然不快乐，我们放下了仇恨，却依然不开心，那是因为，我们忘了原谅自己，放过自己。</p>\n<h3 id=\"h3--\"><a name=\"第十句：\" class=\"reference-link\"></a><span class=\"header-link octicon octicon-link\"></span>　　第十句：</h3><p>　　最好的幸福，就是活着！以自己喜欢的方式活着，不要管别人如何对待你、评价你，健康快乐才是重点，才大于一切！</p>\n', 'https://unsplash.it/1000/600?image=1005', '原创', '12', '1', '1', '1', '1', '0', '2019-08-14 13:49:33', '2020-03-14 14:28:37', '2', '1', '### 　　第一句：\n　　做人，一定要知恩图报！别忘了曾经帮助过你的恩人，别伤害经常指引你的贵人，否则，你的朋友会越来越少，你的人生会越过越难。\n\n### 　　第二句：\n　　别人怎么看你，怎么说你，都是他们的事，和你毫无关系，你要怎么活，怎么过，也和他们毫无关系，做好你自己，无需去在意。\n\n### 　　第三句：\n　　当你到了一定的年龄，你就会明白，聪明是一种天赋，而善良是一种选择，善良永远比聪明难做！\n\n### 　　第四句：\n　　不联系，不代表忘记，但是不闻不问一定是疏远了，变淡了，彼此沉默太久，最后连问候都需要斟酌，连主动都需要勇气！\n\n### 　　第五句：\n　　语言，是最具有影响力的的东西，也是最具有杀伤力的武器，所以永远不要嘲讽和用比较绝的话去伤害那些爱你的人。\n\n### 　　第六句：\n　　有时候，等待会等来遗憾，所谓的来日方长，其实就是挥手告别。机会错过了，没有下一次，真情错过了，就是一辈子！\n\n### 　　第七句：\n　　不纠缠，不抱怨，不强求，不计算，用顺其自然的心态，过轻松自在的生活，用心甘情愿的态度，过随遇而安的人生。\n\n### 　　第八句：\n　　有些人和事，不是别人错了，而是自己看错了，自己眼瞎别怪别人，其实都是自己的问题。\n\n### 　　第九句：\n　　有时候，我们原谅了别人，却依然不快乐，我们放下了仇恨，却依然不开心，那是因为，我们忘了原谅自己，放过自己。\n\n### 　　第十句：\n　　最好的幸福，就是活着！以自己喜欢的方式活着，不要管别人如何对待你、评价你，健康快乐才是重点，才大于一切！');
INSERT INTO `t_blog` VALUES ('5', '测试5', '<h3 id=\"h3--\"><a name=\"第一句：\" class=\"reference-link\"></a><span class=\"header-link octicon octicon-link\"></span>　　第一句：</h3><p>　　做人，一定要知恩图报！别忘了曾经帮助过你的恩人，别伤害经常指引你的贵人，否则，你的朋友会越来越少，你的人生会越过越难。</p>\n<h3 id=\"h3--\"><a name=\"第二句：\" class=\"reference-link\"></a><span class=\"header-link octicon octicon-link\"></span>　　第二句：</h3><p>　　别人怎么看你，怎么说你，都是他们的事，和你毫无关系，你要怎么活，怎么过，也和他们毫无关系，做好你自己，无需去在意。</p>\n<h3 id=\"h3--\"><a name=\"第三句：\" class=\"reference-link\"></a><span class=\"header-link octicon octicon-link\"></span>　　第三句：</h3><p>　　当你到了一定的年龄，你就会明白，聪明是一种天赋，而善良是一种选择，善良永远比聪明难做！</p>\n<h3 id=\"h3--\"><a name=\"第四句：\" class=\"reference-link\"></a><span class=\"header-link octicon octicon-link\"></span>　　第四句：</h3><p>　　不联系，不代表忘记，但是不闻不问一定是疏远了，变淡了，彼此沉默太久，最后连问候都需要斟酌，连主动都需要勇气！</p>\n<h3 id=\"h3--\"><a name=\"第五句：\" class=\"reference-link\"></a><span class=\"header-link octicon octicon-link\"></span>　　第五句：</h3><p>　　语言，是最具有影响力的的东西，也是最具有杀伤力的武器，所以永远不要嘲讽和用比较绝的话去伤害那些爱你的人。</p>\n<h3 id=\"h3--\"><a name=\"第六句：\" class=\"reference-link\"></a><span class=\"header-link octicon octicon-link\"></span>　　第六句：</h3><p>　　有时候，等待会等来遗憾，所谓的来日方长，其实就是挥手告别。机会错过了，没有下一次，真情错过了，就是一辈子！</p>\n<h3 id=\"h3--\"><a name=\"第七句：\" class=\"reference-link\"></a><span class=\"header-link octicon octicon-link\"></span>　　第七句：</h3><p>　　不纠缠，不抱怨，不强求，不计算，用顺其自然的心态，过轻松自在的生活，用心甘情愿的态度，过随遇而安的人生。</p>\n<h3 id=\"h3--\"><a name=\"第八句：\" class=\"reference-link\"></a><span class=\"header-link octicon octicon-link\"></span>　　第八句：</h3><p>　　有些人和事，不是别人错了，而是自己看错了，自己眼瞎别怪别人，其实都是自己的问题。</p>\n<h3 id=\"h3--\"><a name=\"第九句：\" class=\"reference-link\"></a><span class=\"header-link octicon octicon-link\"></span>　　第九句：</h3><p>　　有时候，我们原谅了别人，却依然不快乐，我们放下了仇恨，却依然不开心，那是因为，我们忘了原谅自己，放过自己。</p>\n<h3 id=\"h3--\"><a name=\"第十句：\" class=\"reference-link\"></a><span class=\"header-link octicon octicon-link\"></span>　　第十句：</h3><p>　　最好的幸福，就是活着！以自己喜欢的方式活着，不要管别人如何对待你、评价你，健康快乐才是重点，才大于一切！</p>\n', 'https://unsplash.it/1000/600?image=1005', '翻译', '12', '1', '0', '1', '1', '1', '2020-03-14 05:06:12', '2020-03-14 14:28:45', '2', '1', '### 　　第一句：\n　　做人，一定要知恩图报！别忘了曾经帮助过你的恩人，别伤害经常指引你的贵人，否则，你的朋友会越来越少，你的人生会越过越难。\n\n### 　　第二句：\n　　别人怎么看你，怎么说你，都是他们的事，和你毫无关系，你要怎么活，怎么过，也和他们毫无关系，做好你自己，无需去在意。\n\n### 　　第三句：\n　　当你到了一定的年龄，你就会明白，聪明是一种天赋，而善良是一种选择，善良永远比聪明难做！\n\n### 　　第四句：\n　　不联系，不代表忘记，但是不闻不问一定是疏远了，变淡了，彼此沉默太久，最后连问候都需要斟酌，连主动都需要勇气！\n\n### 　　第五句：\n　　语言，是最具有影响力的的东西，也是最具有杀伤力的武器，所以永远不要嘲讽和用比较绝的话去伤害那些爱你的人。\n\n### 　　第六句：\n　　有时候，等待会等来遗憾，所谓的来日方长，其实就是挥手告别。机会错过了，没有下一次，真情错过了，就是一辈子！\n\n### 　　第七句：\n　　不纠缠，不抱怨，不强求，不计算，用顺其自然的心态，过轻松自在的生活，用心甘情愿的态度，过随遇而安的人生。\n\n### 　　第八句：\n　　有些人和事，不是别人错了，而是自己看错了，自己眼瞎别怪别人，其实都是自己的问题。\n\n### 　　第九句：\n　　有时候，我们原谅了别人，却依然不快乐，我们放下了仇恨，却依然不开心，那是因为，我们忘了原谅自己，放过自己。\n\n### 　　第十句：\n　　最好的幸福，就是活着！以自己喜欢的方式活着，不要管别人如何对待你、评价你，健康快乐才是重点，才大于一切！');
INSERT INTO `t_blog` VALUES ('6', '测试6', '<h3 id=\"h3--\"><a name=\"第一句：\" class=\"reference-link\"></a><span class=\"header-link octicon octicon-link\"></span>　　第一句：</h3><p>　　做人，一定要知恩图报！别忘了曾经帮助过你的恩人，别伤害经常指引你的贵人，否则，你的朋友会越来越少，你的人生会越过越难。</p>\n<h3 id=\"h3--\"><a name=\"第二句：\" class=\"reference-link\"></a><span class=\"header-link octicon octicon-link\"></span>　　第二句：</h3><p>　　别人怎么看你，怎么说你，都是他们的事，和你毫无关系，你要怎么活，怎么过，也和他们毫无关系，做好你自己，无需去在意。</p>\n<h3 id=\"h3--\"><a name=\"第三句：\" class=\"reference-link\"></a><span class=\"header-link octicon octicon-link\"></span>　　第三句：</h3><p>　　当你到了一定的年龄，你就会明白，聪明是一种天赋，而善良是一种选择，善良永远比聪明难做！</p>\n<h3 id=\"h3--\"><a name=\"第四句：\" class=\"reference-link\"></a><span class=\"header-link octicon octicon-link\"></span>　　第四句：</h3><p>　　不联系，不代表忘记，但是不闻不问一定是疏远了，变淡了，彼此沉默太久，最后连问候都需要斟酌，连主动都需要勇气！</p>\n<h3 id=\"h3--\"><a name=\"第五句：\" class=\"reference-link\"></a><span class=\"header-link octicon octicon-link\"></span>　　第五句：</h3><p>　　语言，是最具有影响力的的东西，也是最具有杀伤力的武器，所以永远不要嘲讽和用比较绝的话去伤害那些爱你的人。</p>\n<h3 id=\"h3--\"><a name=\"第六句：\" class=\"reference-link\"></a><span class=\"header-link octicon octicon-link\"></span>　　第六句：</h3><p>　　有时候，等待会等来遗憾，所谓的来日方长，其实就是挥手告别。机会错过了，没有下一次，真情错过了，就是一辈子！</p>\n<h3 id=\"h3--\"><a name=\"第七句：\" class=\"reference-link\"></a><span class=\"header-link octicon octicon-link\"></span>　　第七句：</h3><p>　　不纠缠，不抱怨，不强求，不计算，用顺其自然的心态，过轻松自在的生活，用心甘情愿的态度，过随遇而安的人生。</p>\n<h3 id=\"h3--\"><a name=\"第八句：\" class=\"reference-link\"></a><span class=\"header-link octicon octicon-link\"></span>　　第八句：</h3><p>　　有些人和事，不是别人错了，而是自己看错了，自己眼瞎别怪别人，其实都是自己的问题。</p>\n<h3 id=\"h3--\"><a name=\"第九句：\" class=\"reference-link\"></a><span class=\"header-link octicon octicon-link\"></span>　　第九句：</h3><p>　　有时候，我们原谅了别人，却依然不快乐，我们放下了仇恨，却依然不开心，那是因为，我们忘了原谅自己，放过自己。</p>\n<h3 id=\"h3--\"><a name=\"第十句：\" class=\"reference-link\"></a><span class=\"header-link octicon octicon-link\"></span>　　第十句：</h3><p>　　最好的幸福，就是活着！以自己喜欢的方式活着，不要管别人如何对待你、评价你，健康快乐才是重点，才大于一切！</p>\n', 'https://unsplash.it/1000/600?image=1005', '转载', '12', '1', '0', '1', '1', '1', '2019-12-27 13:49:33', '2020-03-14 14:28:52', '1', '1', '### 　　第一句：\n　　做人，一定要知恩图报！别忘了曾经帮助过你的恩人，别伤害经常指引你的贵人，否则，你的朋友会越来越少，你的人生会越过越难。\n\n### 　　第二句：\n　　别人怎么看你，怎么说你，都是他们的事，和你毫无关系，你要怎么活，怎么过，也和他们毫无关系，做好你自己，无需去在意。\n\n### 　　第三句：\n　　当你到了一定的年龄，你就会明白，聪明是一种天赋，而善良是一种选择，善良永远比聪明难做！\n\n### 　　第四句：\n　　不联系，不代表忘记，但是不闻不问一定是疏远了，变淡了，彼此沉默太久，最后连问候都需要斟酌，连主动都需要勇气！\n\n### 　　第五句：\n　　语言，是最具有影响力的的东西，也是最具有杀伤力的武器，所以永远不要嘲讽和用比较绝的话去伤害那些爱你的人。\n\n### 　　第六句：\n　　有时候，等待会等来遗憾，所谓的来日方长，其实就是挥手告别。机会错过了，没有下一次，真情错过了，就是一辈子！\n\n### 　　第七句：\n　　不纠缠，不抱怨，不强求，不计算，用顺其自然的心态，过轻松自在的生活，用心甘情愿的态度，过随遇而安的人生。\n\n### 　　第八句：\n　　有些人和事，不是别人错了，而是自己看错了，自己眼瞎别怪别人，其实都是自己的问题。\n\n### 　　第九句：\n　　有时候，我们原谅了别人，却依然不快乐，我们放下了仇恨，却依然不开心，那是因为，我们忘了原谅自己，放过自己。\n\n### 　　第十句：\n　　最好的幸福，就是活着！以自己喜欢的方式活着，不要管别人如何对待你、评价你，健康快乐才是重点，才大于一切！');
INSERT INTO `t_blog` VALUES ('7', '测试7', '<h3 id=\"h3--\"><a name=\"第一句：\" class=\"reference-link\"></a><span class=\"header-link octicon octicon-link\"></span>　　第一句：</h3><p>　　做人，一定要知恩图报！别忘了曾经帮助过你的恩人，别伤害经常指引你的贵人，否则，你的朋友会越来越少，你的人生会越过越难。</p>\n<h3 id=\"h3--\"><a name=\"第二句：\" class=\"reference-link\"></a><span class=\"header-link octicon octicon-link\"></span>　　第二句：</h3><p>　　别人怎么看你，怎么说你，都是他们的事，和你毫无关系，你要怎么活，怎么过，也和他们毫无关系，做好你自己，无需去在意。</p>\n<h3 id=\"h3--\"><a name=\"第三句：\" class=\"reference-link\"></a><span class=\"header-link octicon octicon-link\"></span>　　第三句：</h3><p>　　当你到了一定的年龄，你就会明白，聪明是一种天赋，而善良是一种选择，善良永远比聪明难做！</p>\n<h3 id=\"h3--\"><a name=\"第四句：\" class=\"reference-link\"></a><span class=\"header-link octicon octicon-link\"></span>　　第四句：</h3><p>　　不联系，不代表忘记，但是不闻不问一定是疏远了，变淡了，彼此沉默太久，最后连问候都需要斟酌，连主动都需要勇气！</p>\n<h3 id=\"h3--\"><a name=\"第五句：\" class=\"reference-link\"></a><span class=\"header-link octicon octicon-link\"></span>　　第五句：</h3><p>　　语言，是最具有影响力的的东西，也是最具有杀伤力的武器，所以永远不要嘲讽和用比较绝的话去伤害那些爱你的人。</p>\n<h3 id=\"h3--\"><a name=\"第六句：\" class=\"reference-link\"></a><span class=\"header-link octicon octicon-link\"></span>　　第六句：</h3><p>　　有时候，等待会等来遗憾，所谓的来日方长，其实就是挥手告别。机会错过了，没有下一次，真情错过了，就是一辈子！</p>\n<h3 id=\"h3--\"><a name=\"第七句：\" class=\"reference-link\"></a><span class=\"header-link octicon octicon-link\"></span>　　第七句：</h3><p>　　不纠缠，不抱怨，不强求，不计算，用顺其自然的心态，过轻松自在的生活，用心甘情愿的态度，过随遇而安的人生。</p>\n<h3 id=\"h3--\"><a name=\"第八句：\" class=\"reference-link\"></a><span class=\"header-link octicon octicon-link\"></span>　　第八句：</h3><p>　　有些人和事，不是别人错了，而是自己看错了，自己眼瞎别怪别人，其实都是自己的问题。</p>\n<h3 id=\"h3--\"><a name=\"第九句：\" class=\"reference-link\"></a><span class=\"header-link octicon octicon-link\"></span>　　第九句：</h3><p>　　有时候，我们原谅了别人，却依然不快乐，我们放下了仇恨，却依然不开心，那是因为，我们忘了原谅自己，放过自己。</p>\n<h3 id=\"h3--\"><a name=\"第十句：\" class=\"reference-link\"></a><span class=\"header-link octicon octicon-link\"></span>　　第十句：</h3><p>　　最好的幸福，就是活着！以自己喜欢的方式活着，不要管别人如何对待你、评价你，健康快乐才是重点，才大于一切！</p>\n', 'https://unsplash.it/1000/600?image=1005', '原创', '10', '0', '1', '0', '1', '1', '2020-03-14 04:43:59', '2020-03-14 14:29:17', '1', '1', '### 　　第一句：\n　　做人，一定要知恩图报！别忘了曾经帮助过你的恩人，别伤害经常指引你的贵人，否则，你的朋友会越来越少，你的人生会越过越难。\n\n### 　　第二句：\n　　别人怎么看你，怎么说你，都是他们的事，和你毫无关系，你要怎么活，怎么过，也和他们毫无关系，做好你自己，无需去在意。\n\n### 　　第三句：\n　　当你到了一定的年龄，你就会明白，聪明是一种天赋，而善良是一种选择，善良永远比聪明难做！\n\n### 　　第四句：\n　　不联系，不代表忘记，但是不闻不问一定是疏远了，变淡了，彼此沉默太久，最后连问候都需要斟酌，连主动都需要勇气！\n\n### 　　第五句：\n　　语言，是最具有影响力的的东西，也是最具有杀伤力的武器，所以永远不要嘲讽和用比较绝的话去伤害那些爱你的人。\n\n### 　　第六句：\n　　有时候，等待会等来遗憾，所谓的来日方长，其实就是挥手告别。机会错过了，没有下一次，真情错过了，就是一辈子！\n\n### 　　第七句：\n　　不纠缠，不抱怨，不强求，不计算，用顺其自然的心态，过轻松自在的生活，用心甘情愿的态度，过随遇而安的人生。\n\n### 　　第八句：\n　　有些人和事，不是别人错了，而是自己看错了，自己眼瞎别怪别人，其实都是自己的问题。\n\n### 　　第九句：\n　　有时候，我们原谅了别人，却依然不快乐，我们放下了仇恨，却依然不开心，那是因为，我们忘了原谅自己，放过自己。\n\n### 　　第十句：\n　　最好的幸福，就是活着！以自己喜欢的方式活着，不要管别人如何对待你、评价你，健康快乐才是重点，才大于一切！');
INSERT INTO `t_blog` VALUES ('8', '测试8', '<h3 id=\"h3--\"><a name=\"第一句：\" class=\"reference-link\"></a><span class=\"header-link octicon octicon-link\"></span>　　第一句：</h3><p>　　做人，一定要知恩图报！别忘了曾经帮助过你的恩人，别伤害经常指引你的贵人，否则，你的朋友会越来越少，你的人生会越过越难。</p>\n<h3 id=\"h3--\"><a name=\"第二句：\" class=\"reference-link\"></a><span class=\"header-link octicon octicon-link\"></span>　　第二句：</h3><p>　　别人怎么看你，怎么说你，都是他们的事，和你毫无关系，你要怎么活，怎么过，也和他们毫无关系，做好你自己，无需去在意。</p>\n<h3 id=\"h3--\"><a name=\"第三句：\" class=\"reference-link\"></a><span class=\"header-link octicon octicon-link\"></span>　　第三句：</h3><p>　　当你到了一定的年龄，你就会明白，聪明是一种天赋，而善良是一种选择，善良永远比聪明难做！</p>\n<h3 id=\"h3--\"><a name=\"第四句：\" class=\"reference-link\"></a><span class=\"header-link octicon octicon-link\"></span>　　第四句：</h3><p>　　不联系，不代表忘记，但是不闻不问一定是疏远了，变淡了，彼此沉默太久，最后连问候都需要斟酌，连主动都需要勇气！</p>\n<h3 id=\"h3--\"><a name=\"第五句：\" class=\"reference-link\"></a><span class=\"header-link octicon octicon-link\"></span>　　第五句：</h3><p>　　语言，是最具有影响力的的东西，也是最具有杀伤力的武器，所以永远不要嘲讽和用比较绝的话去伤害那些爱你的人。</p>\n<h3 id=\"h3--\"><a name=\"第六句：\" class=\"reference-link\"></a><span class=\"header-link octicon octicon-link\"></span>　　第六句：</h3><p>　　有时候，等待会等来遗憾，所谓的来日方长，其实就是挥手告别。机会错过了，没有下一次，真情错过了，就是一辈子！</p>\n<h3 id=\"h3--\"><a name=\"第七句：\" class=\"reference-link\"></a><span class=\"header-link octicon octicon-link\"></span>　　第七句：</h3><p>　　不纠缠，不抱怨，不强求，不计算，用顺其自然的心态，过轻松自在的生活，用心甘情愿的态度，过随遇而安的人生。</p>\n<h3 id=\"h3--\"><a name=\"第八句：\" class=\"reference-link\"></a><span class=\"header-link octicon octicon-link\"></span>　　第八句：</h3><p>　　有些人和事，不是别人错了，而是自己看错了，自己眼瞎别怪别人，其实都是自己的问题。</p>\n<h3 id=\"h3--\"><a name=\"第九句：\" class=\"reference-link\"></a><span class=\"header-link octicon octicon-link\"></span>　　第九句：</h3><p>　　有时候，我们原谅了别人，却依然不快乐，我们放下了仇恨，却依然不开心，那是因为，我们忘了原谅自己，放过自己。</p>\n<h3 id=\"h3--\"><a name=\"第十句：\" class=\"reference-link\"></a><span class=\"header-link octicon octicon-link\"></span>　　第十句：</h3><p>　　最好的幸福，就是活着！以自己喜欢的方式活着，不要管别人如何对待你、评价你，健康快乐才是重点，才大于一切！</p>\n', 'https://unsplash.it/1000/600?image=1005', '转载', null, '1', '0', '0', '0', '1', '2020-03-14 04:49:15', '2020-03-14 14:29:24', '1', '1', '### 　　第一句：\n　　做人，一定要知恩图报！别忘了曾经帮助过你的恩人，别伤害经常指引你的贵人，否则，你的朋友会越来越少，你的人生会越过越难。\n\n### 　　第二句：\n　　别人怎么看你，怎么说你，都是他们的事，和你毫无关系，你要怎么活，怎么过，也和他们毫无关系，做好你自己，无需去在意。\n\n### 　　第三句：\n　　当你到了一定的年龄，你就会明白，聪明是一种天赋，而善良是一种选择，善良永远比聪明难做！\n\n### 　　第四句：\n　　不联系，不代表忘记，但是不闻不问一定是疏远了，变淡了，彼此沉默太久，最后连问候都需要斟酌，连主动都需要勇气！\n\n### 　　第五句：\n　　语言，是最具有影响力的的东西，也是最具有杀伤力的武器，所以永远不要嘲讽和用比较绝的话去伤害那些爱你的人。\n\n### 　　第六句：\n　　有时候，等待会等来遗憾，所谓的来日方长，其实就是挥手告别。机会错过了，没有下一次，真情错过了，就是一辈子！\n\n### 　　第七句：\n　　不纠缠，不抱怨，不强求，不计算，用顺其自然的心态，过轻松自在的生活，用心甘情愿的态度，过随遇而安的人生。\n\n### 　　第八句：\n　　有些人和事，不是别人错了，而是自己看错了，自己眼瞎别怪别人，其实都是自己的问题。\n\n### 　　第九句：\n　　有时候，我们原谅了别人，却依然不快乐，我们放下了仇恨，却依然不开心，那是因为，我们忘了原谅自己，放过自己。\n\n### 　　第十句：\n　　最好的幸福，就是活着！以自己喜欢的方式活着，不要管别人如何对待你、评价你，健康快乐才是重点，才大于一切！');
INSERT INTO `t_blog` VALUES ('9', '测试9', '<h3 id=\"h3--\"><a name=\"第一句：\" class=\"reference-link\"></a><span class=\"header-link octicon octicon-link\"></span>　　第一句：</h3><p>　　做人，一定要知恩图报！别忘了曾经帮助过你的恩人，别伤害经常指引你的贵人，否则，你的朋友会越来越少，你的人生会越过越难。</p>\n<h3 id=\"h3--\"><a name=\"第二句：\" class=\"reference-link\"></a><span class=\"header-link octicon octicon-link\"></span>　　第二句：</h3><p>　　别人怎么看你，怎么说你，都是他们的事，和你毫无关系，你要怎么活，怎么过，也和他们毫无关系，做好你自己，无需去在意。</p>\n<h3 id=\"h3--\"><a name=\"第三句：\" class=\"reference-link\"></a><span class=\"header-link octicon octicon-link\"></span>　　第三句：</h3><p>　　当你到了一定的年龄，你就会明白，聪明是一种天赋，而善良是一种选择，善良永远比聪明难做！</p>\n<h3 id=\"h3--\"><a name=\"第四句：\" class=\"reference-link\"></a><span class=\"header-link octicon octicon-link\"></span>　　第四句：</h3><p>　　不联系，不代表忘记，但是不闻不问一定是疏远了，变淡了，彼此沉默太久，最后连问候都需要斟酌，连主动都需要勇气！</p>\n<h3 id=\"h3--\"><a name=\"第五句：\" class=\"reference-link\"></a><span class=\"header-link octicon octicon-link\"></span>　　第五句：</h3><p>　　语言，是最具有影响力的的东西，也是最具有杀伤力的武器，所以永远不要嘲讽和用比较绝的话去伤害那些爱你的人。</p>\n<h3 id=\"h3--\"><a name=\"第六句：\" class=\"reference-link\"></a><span class=\"header-link octicon octicon-link\"></span>　　第六句：</h3><p>　　有时候，等待会等来遗憾，所谓的来日方长，其实就是挥手告别。机会错过了，没有下一次，真情错过了，就是一辈子！</p>\n<h3 id=\"h3--\"><a name=\"第七句：\" class=\"reference-link\"></a><span class=\"header-link octicon octicon-link\"></span>　　第七句：</h3><p>　　不纠缠，不抱怨，不强求，不计算，用顺其自然的心态，过轻松自在的生活，用心甘情愿的态度，过随遇而安的人生。</p>\n<h3 id=\"h3--\"><a name=\"第八句：\" class=\"reference-link\"></a><span class=\"header-link octicon octicon-link\"></span>　　第八句：</h3><p>　　有些人和事，不是别人错了，而是自己看错了，自己眼瞎别怪别人，其实都是自己的问题。</p>\n<h3 id=\"h3--\"><a name=\"第九句：\" class=\"reference-link\"></a><span class=\"header-link octicon octicon-link\"></span>　　第九句：</h3><p>　　有时候，我们原谅了别人，却依然不快乐，我们放下了仇恨，却依然不开心，那是因为，我们忘了原谅自己，放过自己。</p>\n<h3 id=\"h3--\"><a name=\"第十句：\" class=\"reference-link\"></a><span class=\"header-link octicon octicon-link\"></span>　　第十句：</h3><p>　　最好的幸福，就是活着！以自己喜欢的方式活着，不要管别人如何对待你、评价你，健康快乐才是重点，才大于一切！</p>\n', 'https://unsplash.it/1000/600?image=1005', '原创', null, '1', '1', '1', '1', '1', '2020-03-12 13:33:01', '2020-03-14 14:29:31', '1', '1', '### 　　第一句：\n　　做人，一定要知恩图报！别忘了曾经帮助过你的恩人，别伤害经常指引你的贵人，否则，你的朋友会越来越少，你的人生会越过越难。\n\n### 　　第二句：\n　　别人怎么看你，怎么说你，都是他们的事，和你毫无关系，你要怎么活，怎么过，也和他们毫无关系，做好你自己，无需去在意。\n\n### 　　第三句：\n　　当你到了一定的年龄，你就会明白，聪明是一种天赋，而善良是一种选择，善良永远比聪明难做！\n\n### 　　第四句：\n　　不联系，不代表忘记，但是不闻不问一定是疏远了，变淡了，彼此沉默太久，最后连问候都需要斟酌，连主动都需要勇气！\n\n### 　　第五句：\n　　语言，是最具有影响力的的东西，也是最具有杀伤力的武器，所以永远不要嘲讽和用比较绝的话去伤害那些爱你的人。\n\n### 　　第六句：\n　　有时候，等待会等来遗憾，所谓的来日方长，其实就是挥手告别。机会错过了，没有下一次，真情错过了，就是一辈子！\n\n### 　　第七句：\n　　不纠缠，不抱怨，不强求，不计算，用顺其自然的心态，过轻松自在的生活，用心甘情愿的态度，过随遇而安的人生。\n\n### 　　第八句：\n　　有些人和事，不是别人错了，而是自己看错了，自己眼瞎别怪别人，其实都是自己的问题。\n\n### 　　第九句：\n　　有时候，我们原谅了别人，却依然不快乐，我们放下了仇恨，却依然不开心，那是因为，我们忘了原谅自己，放过自己。\n\n### 　　第十句：\n　　最好的幸福，就是活着！以自己喜欢的方式活着，不要管别人如何对待你、评价你，健康快乐才是重点，才大于一切！');
INSERT INTO `t_blog` VALUES ('10', '测试10', '<h3 id=\"h3--\"><a name=\"第一句：\" class=\"reference-link\"></a><span class=\"header-link octicon octicon-link\"></span>　　第一句：</h3><p>　　做人，一定要知恩图报！别忘了曾经帮助过你的恩人，别伤害经常指引你的贵人，否则，你的朋友会越来越少，你的人生会越过越难。</p>\n<h3 id=\"h3--\"><a name=\"第二句：\" class=\"reference-link\"></a><span class=\"header-link octicon octicon-link\"></span>　　第二句：</h3><p>　　别人怎么看你，怎么说你，都是他们的事，和你毫无关系，你要怎么活，怎么过，也和他们毫无关系，做好你自己，无需去在意。</p>\n<h3 id=\"h3--\"><a name=\"第三句：\" class=\"reference-link\"></a><span class=\"header-link octicon octicon-link\"></span>　　第三句：</h3><p>　　当你到了一定的年龄，你就会明白，聪明是一种天赋，而善良是一种选择，善良永远比聪明难做！</p>\n<h3 id=\"h3--\"><a name=\"第四句：\" class=\"reference-link\"></a><span class=\"header-link octicon octicon-link\"></span>　　第四句：</h3><p>　　不联系，不代表忘记，但是不闻不问一定是疏远了，变淡了，彼此沉默太久，最后连问候都需要斟酌，连主动都需要勇气！</p>\n<h3 id=\"h3--\"><a name=\"第五句：\" class=\"reference-link\"></a><span class=\"header-link octicon octicon-link\"></span>　　第五句：</h3><p>　　语言，是最具有影响力的的东西，也是最具有杀伤力的武器，所以永远不要嘲讽和用比较绝的话去伤害那些爱你的人。</p>\n<h3 id=\"h3--\"><a name=\"第六句：\" class=\"reference-link\"></a><span class=\"header-link octicon octicon-link\"></span>　　第六句：</h3><p>　　有时候，等待会等来遗憾，所谓的来日方长，其实就是挥手告别。机会错过了，没有下一次，真情错过了，就是一辈子！</p>\n<h3 id=\"h3--\"><a name=\"第七句：\" class=\"reference-link\"></a><span class=\"header-link octicon octicon-link\"></span>　　第七句：</h3><p>　　不纠缠，不抱怨，不强求，不计算，用顺其自然的心态，过轻松自在的生活，用心甘情愿的态度，过随遇而安的人生。</p>\n<h3 id=\"h3--\"><a name=\"第八句：\" class=\"reference-link\"></a><span class=\"header-link octicon octicon-link\"></span>　　第八句：</h3><p>　　有些人和事，不是别人错了，而是自己看错了，自己眼瞎别怪别人，其实都是自己的问题。</p>\n<h3 id=\"h3--\"><a name=\"第九句：\" class=\"reference-link\"></a><span class=\"header-link octicon octicon-link\"></span>　　第九句：</h3><p>　　有时候，我们原谅了别人，却依然不快乐，我们放下了仇恨，却依然不开心，那是因为，我们忘了原谅自己，放过自己。</p>\n<h3 id=\"h3--\"><a name=\"第十句：\" class=\"reference-link\"></a><span class=\"header-link octicon octicon-link\"></span>　　第十句：</h3><p>　　最好的幸福，就是活着！以自己喜欢的方式活着，不要管别人如何对待你、评价你，健康快乐才是重点，才大于一切！</p>\n', 'https://unsplash.it/1000/600?image=1005', '原创', null, '1', '1', '1', '1', '1', '2020-03-12 13:34:56', '2020-03-14 14:29:40', '1', '1', '### 　　第一句：\n　　做人，一定要知恩图报！别忘了曾经帮助过你的恩人，别伤害经常指引你的贵人，否则，你的朋友会越来越少，你的人生会越过越难。\n\n### 　　第二句：\n　　别人怎么看你，怎么说你，都是他们的事，和你毫无关系，你要怎么活，怎么过，也和他们毫无关系，做好你自己，无需去在意。\n\n### 　　第三句：\n　　当你到了一定的年龄，你就会明白，聪明是一种天赋，而善良是一种选择，善良永远比聪明难做！\n\n### 　　第四句：\n　　不联系，不代表忘记，但是不闻不问一定是疏远了，变淡了，彼此沉默太久，最后连问候都需要斟酌，连主动都需要勇气！\n\n### 　　第五句：\n　　语言，是最具有影响力的的东西，也是最具有杀伤力的武器，所以永远不要嘲讽和用比较绝的话去伤害那些爱你的人。\n\n### 　　第六句：\n　　有时候，等待会等来遗憾，所谓的来日方长，其实就是挥手告别。机会错过了，没有下一次，真情错过了，就是一辈子！\n\n### 　　第七句：\n　　不纠缠，不抱怨，不强求，不计算，用顺其自然的心态，过轻松自在的生活，用心甘情愿的态度，过随遇而安的人生。\n\n### 　　第八句：\n　　有些人和事，不是别人错了，而是自己看错了，自己眼瞎别怪别人，其实都是自己的问题。\n\n### 　　第九句：\n　　有时候，我们原谅了别人，却依然不快乐，我们放下了仇恨，却依然不开心，那是因为，我们忘了原谅自己，放过自己。\n\n### 　　第十句：\n　　最好的幸福，就是活着！以自己喜欢的方式活着，不要管别人如何对待你、评价你，健康快乐才是重点，才大于一切！');
INSERT INTO `t_blog` VALUES ('11', '测试11', '<h3 id=\"h3--\"><a name=\"第一句：\" class=\"reference-link\"></a><span class=\"header-link octicon octicon-link\"></span>　　第一句：</h3><p>　　做人，一定要知恩图报！别忘了曾经帮助过你的恩人，别伤害经常指引你的贵人，否则，你的朋友会越来越少，你的人生会越过越难。</p>\n<h3 id=\"h3--\"><a name=\"第二句：\" class=\"reference-link\"></a><span class=\"header-link octicon octicon-link\"></span>　　第二句：</h3><p>　　别人怎么看你，怎么说你，都是他们的事，和你毫无关系，你要怎么活，怎么过，也和他们毫无关系，做好你自己，无需去在意。</p>\n<h3 id=\"h3--\"><a name=\"第三句：\" class=\"reference-link\"></a><span class=\"header-link octicon octicon-link\"></span>　　第三句：</h3><p>　　当你到了一定的年龄，你就会明白，聪明是一种天赋，而善良是一种选择，善良永远比聪明难做！</p>\n<h3 id=\"h3--\"><a name=\"第四句：\" class=\"reference-link\"></a><span class=\"header-link octicon octicon-link\"></span>　　第四句：</h3><p>　　不联系，不代表忘记，但是不闻不问一定是疏远了，变淡了，彼此沉默太久，最后连问候都需要斟酌，连主动都需要勇气！</p>\n<h3 id=\"h3--\"><a name=\"第五句：\" class=\"reference-link\"></a><span class=\"header-link octicon octicon-link\"></span>　　第五句：</h3><p>　　语言，是最具有影响力的的东西，也是最具有杀伤力的武器，所以永远不要嘲讽和用比较绝的话去伤害那些爱你的人。</p>\n<h3 id=\"h3--\"><a name=\"第六句：\" class=\"reference-link\"></a><span class=\"header-link octicon octicon-link\"></span>　　第六句：</h3><p>　　有时候，等待会等来遗憾，所谓的来日方长，其实就是挥手告别。机会错过了，没有下一次，真情错过了，就是一辈子！</p>\n<h3 id=\"h3--\"><a name=\"第七句：\" class=\"reference-link\"></a><span class=\"header-link octicon octicon-link\"></span>　　第七句：</h3><p>　　不纠缠，不抱怨，不强求，不计算，用顺其自然的心态，过轻松自在的生活，用心甘情愿的态度，过随遇而安的人生。</p>\n<h3 id=\"h3--\"><a name=\"第八句：\" class=\"reference-link\"></a><span class=\"header-link octicon octicon-link\"></span>　　第八句：</h3><p>　　有些人和事，不是别人错了，而是自己看错了，自己眼瞎别怪别人，其实都是自己的问题。</p>\n<h3 id=\"h3--\"><a name=\"第九句：\" class=\"reference-link\"></a><span class=\"header-link octicon octicon-link\"></span>　　第九句：</h3><p>　　有时候，我们原谅了别人，却依然不快乐，我们放下了仇恨，却依然不开心，那是因为，我们忘了原谅自己，放过自己。</p>\n<h3 id=\"h3--\"><a name=\"第十句：\" class=\"reference-link\"></a><span class=\"header-link octicon octicon-link\"></span>　　第十句：</h3><p>　　最好的幸福，就是活着！以自己喜欢的方式活着，不要管别人如何对待你、评价你，健康快乐才是重点，才大于一切！</p>\n', 'https://unsplash.it/1000/600?image=1005', '原创', null, '1', '1', '1', '1', '1', '2020-03-12 13:37:56', '2020-03-14 14:30:50', '1', '1', '### 　　第一句：\n　　做人，一定要知恩图报！别忘了曾经帮助过你的恩人，别伤害经常指引你的贵人，否则，你的朋友会越来越少，你的人生会越过越难。\n\n### 　　第二句：\n　　别人怎么看你，怎么说你，都是他们的事，和你毫无关系，你要怎么活，怎么过，也和他们毫无关系，做好你自己，无需去在意。\n\n### 　　第三句：\n　　当你到了一定的年龄，你就会明白，聪明是一种天赋，而善良是一种选择，善良永远比聪明难做！\n\n### 　　第四句：\n　　不联系，不代表忘记，但是不闻不问一定是疏远了，变淡了，彼此沉默太久，最后连问候都需要斟酌，连主动都需要勇气！\n\n### 　　第五句：\n　　语言，是最具有影响力的的东西，也是最具有杀伤力的武器，所以永远不要嘲讽和用比较绝的话去伤害那些爱你的人。\n\n### 　　第六句：\n　　有时候，等待会等来遗憾，所谓的来日方长，其实就是挥手告别。机会错过了，没有下一次，真情错过了，就是一辈子！\n\n### 　　第七句：\n　　不纠缠，不抱怨，不强求，不计算，用顺其自然的心态，过轻松自在的生活，用心甘情愿的态度，过随遇而安的人生。\n\n### 　　第八句：\n　　有些人和事，不是别人错了，而是自己看错了，自己眼瞎别怪别人，其实都是自己的问题。\n\n### 　　第九句：\n　　有时候，我们原谅了别人，却依然不快乐，我们放下了仇恨，却依然不开心，那是因为，我们忘了原谅自己，放过自己。\n\n### 　　第十句：\n　　最好的幸福，就是活着！以自己喜欢的方式活着，不要管别人如何对待你、评价你，健康快乐才是重点，才大于一切！');
INSERT INTO `t_blog` VALUES ('12', '测试12', '<h3 id=\"h3--\"><a name=\"第一句：\" class=\"reference-link\"></a><span class=\"header-link octicon octicon-link\"></span>　　第一句：</h3><p>　　做人，一定要知恩图报！别忘了曾经帮助过你的恩人，别伤害经常指引你的贵人，否则，你的朋友会越来越少，你的人生会越过越难。</p>\n<h3 id=\"h3--\"><a name=\"第二句：\" class=\"reference-link\"></a><span class=\"header-link octicon octicon-link\"></span>　　第二句：</h3><p>　　别人怎么看你，怎么说你，都是他们的事，和你毫无关系，你要怎么活，怎么过，也和他们毫无关系，做好你自己，无需去在意。</p>\n<h3 id=\"h3--\"><a name=\"第三句：\" class=\"reference-link\"></a><span class=\"header-link octicon octicon-link\"></span>　　第三句：</h3><p>　　当你到了一定的年龄，你就会明白，聪明是一种天赋，而善良是一种选择，善良永远比聪明难做！</p>\n<h3 id=\"h3--\"><a name=\"第四句：\" class=\"reference-link\"></a><span class=\"header-link octicon octicon-link\"></span>　　第四句：</h3><p>　　不联系，不代表忘记，但是不闻不问一定是疏远了，变淡了，彼此沉默太久，最后连问候都需要斟酌，连主动都需要勇气！</p>\n<h3 id=\"h3--\"><a name=\"第五句：\" class=\"reference-link\"></a><span class=\"header-link octicon octicon-link\"></span>　　第五句：</h3><p>　　语言，是最具有影响力的的东西，也是最具有杀伤力的武器，所以永远不要嘲讽和用比较绝的话去伤害那些爱你的人。</p>\n<h3 id=\"h3--\"><a name=\"第六句：\" class=\"reference-link\"></a><span class=\"header-link octicon octicon-link\"></span>　　第六句：</h3><p>　　有时候，等待会等来遗憾，所谓的来日方长，其实就是挥手告别。机会错过了，没有下一次，真情错过了，就是一辈子！</p>\n<h3 id=\"h3--\"><a name=\"第七句：\" class=\"reference-link\"></a><span class=\"header-link octicon octicon-link\"></span>　　第七句：</h3><p>　　不纠缠，不抱怨，不强求，不计算，用顺其自然的心态，过轻松自在的生活，用心甘情愿的态度，过随遇而安的人生。</p>\n<h3 id=\"h3--\"><a name=\"第八句：\" class=\"reference-link\"></a><span class=\"header-link octicon octicon-link\"></span>　　第八句：</h3><p>　　有些人和事，不是别人错了，而是自己看错了，自己眼瞎别怪别人，其实都是自己的问题。</p>\n<h3 id=\"h3--\"><a name=\"第九句：\" class=\"reference-link\"></a><span class=\"header-link octicon octicon-link\"></span>　　第九句：</h3><p>　　有时候，我们原谅了别人，却依然不快乐，我们放下了仇恨，却依然不开心，那是因为，我们忘了原谅自己，放过自己。</p>\n<h3 id=\"h3--\"><a name=\"第十句：\" class=\"reference-link\"></a><span class=\"header-link octicon octicon-link\"></span>　　第十句：</h3><p>　　最好的幸福，就是活着！以自己喜欢的方式活着，不要管别人如何对待你、评价你，健康快乐才是重点，才大于一切！</p>\n', 'https://unsplash.it/1000/600?image=1005', '原创', null, '1', '1', '1', '1', '1', '2020-03-12 13:44:52', '2020-03-14 14:31:01', '1', '1', '### 　　第一句：\n　　做人，一定要知恩图报！别忘了曾经帮助过你的恩人，别伤害经常指引你的贵人，否则，你的朋友会越来越少，你的人生会越过越难。\n\n### 　　第二句：\n　　别人怎么看你，怎么说你，都是他们的事，和你毫无关系，你要怎么活，怎么过，也和他们毫无关系，做好你自己，无需去在意。\n\n### 　　第三句：\n　　当你到了一定的年龄，你就会明白，聪明是一种天赋，而善良是一种选择，善良永远比聪明难做！\n\n### 　　第四句：\n　　不联系，不代表忘记，但是不闻不问一定是疏远了，变淡了，彼此沉默太久，最后连问候都需要斟酌，连主动都需要勇气！\n\n### 　　第五句：\n　　语言，是最具有影响力的的东西，也是最具有杀伤力的武器，所以永远不要嘲讽和用比较绝的话去伤害那些爱你的人。\n\n### 　　第六句：\n　　有时候，等待会等来遗憾，所谓的来日方长，其实就是挥手告别。机会错过了，没有下一次，真情错过了，就是一辈子！\n\n### 　　第七句：\n　　不纠缠，不抱怨，不强求，不计算，用顺其自然的心态，过轻松自在的生活，用心甘情愿的态度，过随遇而安的人生。\n\n### 　　第八句：\n　　有些人和事，不是别人错了，而是自己看错了，自己眼瞎别怪别人，其实都是自己的问题。\n\n### 　　第九句：\n　　有时候，我们原谅了别人，却依然不快乐，我们放下了仇恨，却依然不开心，那是因为，我们忘了原谅自己，放过自己。\n\n### 　　第十句：\n　　最好的幸福，就是活着！以自己喜欢的方式活着，不要管别人如何对待你、评价你，健康快乐才是重点，才大于一切！');
INSERT INTO `t_blog` VALUES ('13', '测试13', '<h3 id=\"h3--\"><a name=\"第一句：\" class=\"reference-link\"></a><span class=\"header-link octicon octicon-link\"></span>　　第一句：</h3><p>　　做人，一定要知恩图报！别忘了曾经帮助过你的恩人，别伤害经常指引你的贵人，否则，你的朋友会越来越少，你的人生会越过越难。</p>\n<h3 id=\"h3--\"><a name=\"第二句：\" class=\"reference-link\"></a><span class=\"header-link octicon octicon-link\"></span>　　第二句：</h3><p>　　别人怎么看你，怎么说你，都是他们的事，和你毫无关系，你要怎么活，怎么过，也和他们毫无关系，做好你自己，无需去在意。</p>\n<h3 id=\"h3--\"><a name=\"第三句：\" class=\"reference-link\"></a><span class=\"header-link octicon octicon-link\"></span>　　第三句：</h3><p>　　当你到了一定的年龄，你就会明白，聪明是一种天赋，而善良是一种选择，善良永远比聪明难做！</p>\n<h3 id=\"h3--\"><a name=\"第四句：\" class=\"reference-link\"></a><span class=\"header-link octicon octicon-link\"></span>　　第四句：</h3><p>　　不联系，不代表忘记，但是不闻不问一定是疏远了，变淡了，彼此沉默太久，最后连问候都需要斟酌，连主动都需要勇气！</p>\n<h3 id=\"h3--\"><a name=\"第五句：\" class=\"reference-link\"></a><span class=\"header-link octicon octicon-link\"></span>　　第五句：</h3><p>　　语言，是最具有影响力的的东西，也是最具有杀伤力的武器，所以永远不要嘲讽和用比较绝的话去伤害那些爱你的人。</p>\n<h3 id=\"h3--\"><a name=\"第六句：\" class=\"reference-link\"></a><span class=\"header-link octicon octicon-link\"></span>　　第六句：</h3><p>　　有时候，等待会等来遗憾，所谓的来日方长，其实就是挥手告别。机会错过了，没有下一次，真情错过了，就是一辈子！</p>\n<h3 id=\"h3--\"><a name=\"第七句：\" class=\"reference-link\"></a><span class=\"header-link octicon octicon-link\"></span>　　第七句：</h3><p>　　不纠缠，不抱怨，不强求，不计算，用顺其自然的心态，过轻松自在的生活，用心甘情愿的态度，过随遇而安的人生。</p>\n<h3 id=\"h3--\"><a name=\"第八句：\" class=\"reference-link\"></a><span class=\"header-link octicon octicon-link\"></span>　　第八句：</h3><p>　　有些人和事，不是别人错了，而是自己看错了，自己眼瞎别怪别人，其实都是自己的问题。</p>\n<h3 id=\"h3--\"><a name=\"第九句：\" class=\"reference-link\"></a><span class=\"header-link octicon octicon-link\"></span>　　第九句：</h3><p>　　有时候，我们原谅了别人，却依然不快乐，我们放下了仇恨，却依然不开心，那是因为，我们忘了原谅自己，放过自己。</p>\n<h3 id=\"h3--\"><a name=\"第十句：\" class=\"reference-link\"></a><span class=\"header-link octicon octicon-link\"></span>　　第十句：</h3><p>　　最好的幸福，就是活着！以自己喜欢的方式活着，不要管别人如何对待你、评价你，健康快乐才是重点，才大于一切！</p>\n', 'https://unsplash.it/1000/600?image=1005', '原创', null, '1', '1', '1', '1', '1', '2020-03-12 13:47:24', '2020-03-14 14:31:11', '1', '1', '### 　　第一句：\n　　做人，一定要知恩图报！别忘了曾经帮助过你的恩人，别伤害经常指引你的贵人，否则，你的朋友会越来越少，你的人生会越过越难。\n\n### 　　第二句：\n　　别人怎么看你，怎么说你，都是他们的事，和你毫无关系，你要怎么活，怎么过，也和他们毫无关系，做好你自己，无需去在意。\n\n### 　　第三句：\n　　当你到了一定的年龄，你就会明白，聪明是一种天赋，而善良是一种选择，善良永远比聪明难做！\n\n### 　　第四句：\n　　不联系，不代表忘记，但是不闻不问一定是疏远了，变淡了，彼此沉默太久，最后连问候都需要斟酌，连主动都需要勇气！\n\n### 　　第五句：\n　　语言，是最具有影响力的的东西，也是最具有杀伤力的武器，所以永远不要嘲讽和用比较绝的话去伤害那些爱你的人。\n\n### 　　第六句：\n　　有时候，等待会等来遗憾，所谓的来日方长，其实就是挥手告别。机会错过了，没有下一次，真情错过了，就是一辈子！\n\n### 　　第七句：\n　　不纠缠，不抱怨，不强求，不计算，用顺其自然的心态，过轻松自在的生活，用心甘情愿的态度，过随遇而安的人生。\n\n### 　　第八句：\n　　有些人和事，不是别人错了，而是自己看错了，自己眼瞎别怪别人，其实都是自己的问题。\n\n### 　　第九句：\n　　有时候，我们原谅了别人，却依然不快乐，我们放下了仇恨，却依然不开心，那是因为，我们忘了原谅自己，放过自己。\n\n### 　　第十句：\n　　最好的幸福，就是活着！以自己喜欢的方式活着，不要管别人如何对待你、评价你，健康快乐才是重点，才大于一切！');
INSERT INTO `t_blog` VALUES ('14', '测试14', '<h3 id=\"h3--\"><a name=\"第一句：\" class=\"reference-link\"></a><span class=\"header-link octicon octicon-link\"></span>　　第一句：</h3><p>　　做人，一定要知恩图报！别忘了曾经帮助过你的恩人，别伤害经常指引你的贵人，否则，你的朋友会越来越少，你的人生会越过越难。</p>\n<h3 id=\"h3--\"><a name=\"第二句：\" class=\"reference-link\"></a><span class=\"header-link octicon octicon-link\"></span>　　第二句：</h3><p>　　别人怎么看你，怎么说你，都是他们的事，和你毫无关系，你要怎么活，怎么过，也和他们毫无关系，做好你自己，无需去在意。</p>\n<h3 id=\"h3--\"><a name=\"第三句：\" class=\"reference-link\"></a><span class=\"header-link octicon octicon-link\"></span>　　第三句：</h3><p>　　当你到了一定的年龄，你就会明白，聪明是一种天赋，而善良是一种选择，善良永远比聪明难做！</p>\n<h3 id=\"h3--\"><a name=\"第四句：\" class=\"reference-link\"></a><span class=\"header-link octicon octicon-link\"></span>　　第四句：</h3><p>　　不联系，不代表忘记，但是不闻不问一定是疏远了，变淡了，彼此沉默太久，最后连问候都需要斟酌，连主动都需要勇气！</p>\n<h3 id=\"h3--\"><a name=\"第五句：\" class=\"reference-link\"></a><span class=\"header-link octicon octicon-link\"></span>　　第五句：</h3><p>　　语言，是最具有影响力的的东西，也是最具有杀伤力的武器，所以永远不要嘲讽和用比较绝的话去伤害那些爱你的人。</p>\n<h3 id=\"h3--\"><a name=\"第六句：\" class=\"reference-link\"></a><span class=\"header-link octicon octicon-link\"></span>　　第六句：</h3><p>　　有时候，等待会等来遗憾，所谓的来日方长，其实就是挥手告别。机会错过了，没有下一次，真情错过了，就是一辈子！</p>\n<h3 id=\"h3--\"><a name=\"第七句：\" class=\"reference-link\"></a><span class=\"header-link octicon octicon-link\"></span>　　第七句：</h3><p>　　不纠缠，不抱怨，不强求，不计算，用顺其自然的心态，过轻松自在的生活，用心甘情愿的态度，过随遇而安的人生。</p>\n<h3 id=\"h3--\"><a name=\"第八句：\" class=\"reference-link\"></a><span class=\"header-link octicon octicon-link\"></span>　　第八句：</h3><p>　　有些人和事，不是别人错了，而是自己看错了，自己眼瞎别怪别人，其实都是自己的问题。</p>\n<h3 id=\"h3--\"><a name=\"第九句：\" class=\"reference-link\"></a><span class=\"header-link octicon octicon-link\"></span>　　第九句：</h3><p>　　有时候，我们原谅了别人，却依然不快乐，我们放下了仇恨，却依然不开心，那是因为，我们忘了原谅自己，放过自己。</p>\n<h3 id=\"h3--\"><a name=\"第十句：\" class=\"reference-link\"></a><span class=\"header-link octicon octicon-link\"></span>　　第十句：</h3><p>　　最好的幸福，就是活着！以自己喜欢的方式活着，不要管别人如何对待你、评价你，健康快乐才是重点，才大于一切！</p>\n', 'https://unsplash.it/1000/600?image=1005', '原创', null, '1', '1', '1', '0', '1', '2020-03-12 13:48:52', '2020-03-14 14:31:19', '1', '1', '### 　　第一句：\n　　做人，一定要知恩图报！别忘了曾经帮助过你的恩人，别伤害经常指引你的贵人，否则，你的朋友会越来越少，你的人生会越过越难。\n\n### 　　第二句：\n　　别人怎么看你，怎么说你，都是他们的事，和你毫无关系，你要怎么活，怎么过，也和他们毫无关系，做好你自己，无需去在意。\n\n### 　　第三句：\n　　当你到了一定的年龄，你就会明白，聪明是一种天赋，而善良是一种选择，善良永远比聪明难做！\n\n### 　　第四句：\n　　不联系，不代表忘记，但是不闻不问一定是疏远了，变淡了，彼此沉默太久，最后连问候都需要斟酌，连主动都需要勇气！\n\n### 　　第五句：\n　　语言，是最具有影响力的的东西，也是最具有杀伤力的武器，所以永远不要嘲讽和用比较绝的话去伤害那些爱你的人。\n\n### 　　第六句：\n　　有时候，等待会等来遗憾，所谓的来日方长，其实就是挥手告别。机会错过了，没有下一次，真情错过了，就是一辈子！\n\n### 　　第七句：\n　　不纠缠，不抱怨，不强求，不计算，用顺其自然的心态，过轻松自在的生活，用心甘情愿的态度，过随遇而安的人生。\n\n### 　　第八句：\n　　有些人和事，不是别人错了，而是自己看错了，自己眼瞎别怪别人，其实都是自己的问题。\n\n### 　　第九句：\n　　有时候，我们原谅了别人，却依然不快乐，我们放下了仇恨，却依然不开心，那是因为，我们忘了原谅自己，放过自己。\n\n### 　　第十句：\n　　最好的幸福，就是活着！以自己喜欢的方式活着，不要管别人如何对待你、评价你，健康快乐才是重点，才大于一切！');
INSERT INTO `t_blog` VALUES ('15', '测试15', '<h3 id=\"h3--\"><a name=\"第一句：\" class=\"reference-link\"></a><span class=\"header-link octicon octicon-link\"></span>　　第一句：</h3><p>　　做人，一定要知恩图报！别忘了曾经帮助过你的恩人，别伤害经常指引你的贵人，否则，你的朋友会越来越少，你的人生会越过越难。</p>\n<h3 id=\"h3--\"><a name=\"第二句：\" class=\"reference-link\"></a><span class=\"header-link octicon octicon-link\"></span>　　第二句：</h3><p>　　别人怎么看你，怎么说你，都是他们的事，和你毫无关系，你要怎么活，怎么过，也和他们毫无关系，做好你自己，无需去在意。</p>\n<h3 id=\"h3--\"><a name=\"第三句：\" class=\"reference-link\"></a><span class=\"header-link octicon octicon-link\"></span>　　第三句：</h3><p>　　当你到了一定的年龄，你就会明白，聪明是一种天赋，而善良是一种选择，善良永远比聪明难做！</p>\n<h3 id=\"h3--\"><a name=\"第四句：\" class=\"reference-link\"></a><span class=\"header-link octicon octicon-link\"></span>　　第四句：</h3><p>　　不联系，不代表忘记，但是不闻不问一定是疏远了，变淡了，彼此沉默太久，最后连问候都需要斟酌，连主动都需要勇气！</p>\n<h3 id=\"h3--\"><a name=\"第五句：\" class=\"reference-link\"></a><span class=\"header-link octicon octicon-link\"></span>　　第五句：</h3><p>　　语言，是最具有影响力的的东西，也是最具有杀伤力的武器，所以永远不要嘲讽和用比较绝的话去伤害那些爱你的人。</p>\n<h3 id=\"h3--\"><a name=\"第六句：\" class=\"reference-link\"></a><span class=\"header-link octicon octicon-link\"></span>　　第六句：</h3><p>　　有时候，等待会等来遗憾，所谓的来日方长，其实就是挥手告别。机会错过了，没有下一次，真情错过了，就是一辈子！</p>\n<h3 id=\"h3--\"><a name=\"第七句：\" class=\"reference-link\"></a><span class=\"header-link octicon octicon-link\"></span>　　第七句：</h3><p>　　不纠缠，不抱怨，不强求，不计算，用顺其自然的心态，过轻松自在的生活，用心甘情愿的态度，过随遇而安的人生。</p>\n<h3 id=\"h3--\"><a name=\"第八句：\" class=\"reference-link\"></a><span class=\"header-link octicon octicon-link\"></span>　　第八句：</h3><p>　　有些人和事，不是别人错了，而是自己看错了，自己眼瞎别怪别人，其实都是自己的问题。</p>\n<h3 id=\"h3--\"><a name=\"第九句：\" class=\"reference-link\"></a><span class=\"header-link octicon octicon-link\"></span>　　第九句：</h3><p>　　有时候，我们原谅了别人，却依然不快乐，我们放下了仇恨，却依然不开心，那是因为，我们忘了原谅自己，放过自己。</p>\n<h3 id=\"h3--\"><a name=\"第十句：\" class=\"reference-link\"></a><span class=\"header-link octicon octicon-link\"></span>　　第十句：</h3><p>　　最好的幸福，就是活着！以自己喜欢的方式活着，不要管别人如何对待你、评价你，健康快乐才是重点，才大于一切！</p>\n', 'https://unsplash.it/1000/600?image=1005', '原创', null, '1', '0', '1', '1', '1', '2020-03-13 03:04:10', '2020-03-14 14:31:26', '2', '1', '### 　　第一句：\n　　做人，一定要知恩图报！别忘了曾经帮助过你的恩人，别伤害经常指引你的贵人，否则，你的朋友会越来越少，你的人生会越过越难。\n\n### 　　第二句：\n　　别人怎么看你，怎么说你，都是他们的事，和你毫无关系，你要怎么活，怎么过，也和他们毫无关系，做好你自己，无需去在意。\n\n### 　　第三句：\n　　当你到了一定的年龄，你就会明白，聪明是一种天赋，而善良是一种选择，善良永远比聪明难做！\n\n### 　　第四句：\n　　不联系，不代表忘记，但是不闻不问一定是疏远了，变淡了，彼此沉默太久，最后连问候都需要斟酌，连主动都需要勇气！\n\n### 　　第五句：\n　　语言，是最具有影响力的的东西，也是最具有杀伤力的武器，所以永远不要嘲讽和用比较绝的话去伤害那些爱你的人。\n\n### 　　第六句：\n　　有时候，等待会等来遗憾，所谓的来日方长，其实就是挥手告别。机会错过了，没有下一次，真情错过了，就是一辈子！\n\n### 　　第七句：\n　　不纠缠，不抱怨，不强求，不计算，用顺其自然的心态，过轻松自在的生活，用心甘情愿的态度，过随遇而安的人生。\n\n### 　　第八句：\n　　有些人和事，不是别人错了，而是自己看错了，自己眼瞎别怪别人，其实都是自己的问题。\n\n### 　　第九句：\n　　有时候，我们原谅了别人，却依然不快乐，我们放下了仇恨，却依然不开心，那是因为，我们忘了原谅自己，放过自己。\n\n### 　　第十句：\n　　最好的幸福，就是活着！以自己喜欢的方式活着，不要管别人如何对待你、评价你，健康快乐才是重点，才大于一切！');
INSERT INTO `t_blog` VALUES ('16', '测试16', '<h3 id=\"h3--\"><a name=\"第一句：\" class=\"reference-link\"></a><span class=\"header-link octicon octicon-link\"></span>　　第一句：</h3><p>　　做人，一定要知恩图报！别忘了曾经帮助过你的恩人，别伤害经常指引你的贵人，否则，你的朋友会越来越少，你的人生会越过越难。</p>\n<h3 id=\"h3--\"><a name=\"第二句：\" class=\"reference-link\"></a><span class=\"header-link octicon octicon-link\"></span>　　第二句：</h3><p>　　别人怎么看你，怎么说你，都是他们的事，和你毫无关系，你要怎么活，怎么过，也和他们毫无关系，做好你自己，无需去在意。</p>\n<h3 id=\"h3--\"><a name=\"第三句：\" class=\"reference-link\"></a><span class=\"header-link octicon octicon-link\"></span>　　第三句：</h3><p>　　当你到了一定的年龄，你就会明白，聪明是一种天赋，而善良是一种选择，善良永远比聪明难做！</p>\n<h3 id=\"h3--\"><a name=\"第四句：\" class=\"reference-link\"></a><span class=\"header-link octicon octicon-link\"></span>　　第四句：</h3><p>　　不联系，不代表忘记，但是不闻不问一定是疏远了，变淡了，彼此沉默太久，最后连问候都需要斟酌，连主动都需要勇气！</p>\n<h3 id=\"h3--\"><a name=\"第五句：\" class=\"reference-link\"></a><span class=\"header-link octicon octicon-link\"></span>　　第五句：</h3><p>　　语言，是最具有影响力的的东西，也是最具有杀伤力的武器，所以永远不要嘲讽和用比较绝的话去伤害那些爱你的人。</p>\n<h3 id=\"h3--\"><a name=\"第六句：\" class=\"reference-link\"></a><span class=\"header-link octicon octicon-link\"></span>　　第六句：</h3><p>　　有时候，等待会等来遗憾，所谓的来日方长，其实就是挥手告别。机会错过了，没有下一次，真情错过了，就是一辈子！</p>\n<h3 id=\"h3--\"><a name=\"第七句：\" class=\"reference-link\"></a><span class=\"header-link octicon octicon-link\"></span>　　第七句：</h3><p>　　不纠缠，不抱怨，不强求，不计算，用顺其自然的心态，过轻松自在的生活，用心甘情愿的态度，过随遇而安的人生。</p>\n<h3 id=\"h3--\"><a name=\"第八句：\" class=\"reference-link\"></a><span class=\"header-link octicon octicon-link\"></span>　　第八句：</h3><p>　　有些人和事，不是别人错了，而是自己看错了，自己眼瞎别怪别人，其实都是自己的问题。</p>\n<h3 id=\"h3--\"><a name=\"第九句：\" class=\"reference-link\"></a><span class=\"header-link octicon octicon-link\"></span>　　第九句：</h3><p>　　有时候，我们原谅了别人，却依然不快乐，我们放下了仇恨，却依然不开心，那是因为，我们忘了原谅自己，放过自己。</p>\n<h3 id=\"h3--\"><a name=\"第十句：\" class=\"reference-link\"></a><span class=\"header-link octicon octicon-link\"></span>　　第十句：</h3><p>　　最好的幸福，就是活着！以自己喜欢的方式活着，不要管别人如何对待你、评价你，健康快乐才是重点，才大于一切！</p>\n', '', '原创', null, '1', '1', '1', '1', '1', '2020-03-14 05:18:06', '2020-03-14 14:31:34', '2', '1', '### 　　第一句：\n　　做人，一定要知恩图报！别忘了曾经帮助过你的恩人，别伤害经常指引你的贵人，否则，你的朋友会越来越少，你的人生会越过越难。\n\n### 　　第二句：\n　　别人怎么看你，怎么说你，都是他们的事，和你毫无关系，你要怎么活，怎么过，也和他们毫无关系，做好你自己，无需去在意。\n\n### 　　第三句：\n　　当你到了一定的年龄，你就会明白，聪明是一种天赋，而善良是一种选择，善良永远比聪明难做！\n\n### 　　第四句：\n　　不联系，不代表忘记，但是不闻不问一定是疏远了，变淡了，彼此沉默太久，最后连问候都需要斟酌，连主动都需要勇气！\n\n### 　　第五句：\n　　语言，是最具有影响力的的东西，也是最具有杀伤力的武器，所以永远不要嘲讽和用比较绝的话去伤害那些爱你的人。\n\n### 　　第六句：\n　　有时候，等待会等来遗憾，所谓的来日方长，其实就是挥手告别。机会错过了，没有下一次，真情错过了，就是一辈子！\n\n### 　　第七句：\n　　不纠缠，不抱怨，不强求，不计算，用顺其自然的心态，过轻松自在的生活，用心甘情愿的态度，过随遇而安的人生。\n\n### 　　第八句：\n　　有些人和事，不是别人错了，而是自己看错了，自己眼瞎别怪别人，其实都是自己的问题。\n\n### 　　第九句：\n　　有时候，我们原谅了别人，却依然不快乐，我们放下了仇恨，却依然不开心，那是因为，我们忘了原谅自己，放过自己。\n\n### 　　第十句：\n　　最好的幸福，就是活着！以自己喜欢的方式活着，不要管别人如何对待你、评价你，健康快乐才是重点，才大于一切！');

-- ----------------------------
-- Table structure for t_blog_tag
-- ----------------------------
DROP TABLE IF EXISTS `t_blog_tag`;
CREATE TABLE `t_blog_tag` (
  `id` bigint(255) NOT NULL AUTO_INCREMENT,
  `blogId` bigint(255) DEFAULT NULL,
  `tagId` bigint(255) DEFAULT NULL,
  PRIMARY KEY (`id`)
) ENGINE=InnoDB AUTO_INCREMENT=57 DEFAULT CHARSET=utf8;

-- ----------------------------
-- Records of t_blog_tag
-- ----------------------------
INSERT INTO `t_blog_tag` VALUES ('34', '2', '1');
INSERT INTO `t_blog_tag` VALUES ('35', '1', '1');
INSERT INTO `t_blog_tag` VALUES ('36', '1', '3');
INSERT INTO `t_blog_tag` VALUES ('37', '1', '4');
INSERT INTO `t_blog_tag` VALUES ('38', '3', '2');
INSERT INTO `t_blog_tag` VALUES ('39', '4', '1');
INSERT INTO `t_blog_tag` VALUES ('40', '5', '1');
INSERT INTO `t_blog_tag` VALUES ('41', '6', '2');
INSERT INTO `t_blog_tag` VALUES ('42', '7', '1');
INSERT INTO `t_blog_tag` VALUES ('43', '7', '2');
INSERT INTO `t_blog_tag` VALUES ('44', '8', '1');
INSERT INTO `t_blog_tag` VALUES ('45', '8', '2');
INSERT INTO `t_blog_tag` VALUES ('46', '9', '1');
INSERT INTO `t_blog_tag` VALUES ('47', '10', '2');
INSERT INTO `t_blog_tag` VALUES ('48', '11', '1');
INSERT INTO `t_blog_tag` VALUES ('49', '12', '1');
INSERT INTO `t_blog_tag` VALUES ('50', '13', '1');
INSERT INTO `t_blog_tag` VALUES ('51', '13', '2');
INSERT INTO `t_blog_tag` VALUES ('52', '14', '1');
INSERT INTO `t_blog_tag` VALUES ('53', '14', '2');
INSERT INTO `t_blog_tag` VALUES ('54', '15', '1');
INSERT INTO `t_blog_tag` VALUES ('55', '16', '3');
INSERT INTO `t_blog_tag` VALUES ('56', '16', '4');

-- ----------------------------
-- Table structure for t_comment
-- ----------------------------
DROP TABLE IF EXISTS `t_comment`;
CREATE TABLE `t_comment` (
  `id` bigint(255) NOT NULL AUTO_INCREMENT,
  `nickname` varchar(20) DEFAULT NULL,
  `email` varchar(50) DEFAULT NULL,
  `content` varchar(200) DEFAULT NULL,
  `avatar` varchar(100) DEFAULT NULL,
  `createTime` datetime DEFAULT NULL,
  `blogId` bigint(255) DEFAULT NULL,
  `parentId` bigint(255) DEFAULT NULL,
  PRIMARY KEY (`id`)
) ENGINE=InnoDB AUTO_INCREMENT=9 DEFAULT CHARSET=utf8;

-- ----------------------------
-- Records of t_comment
-- ----------------------------
INSERT INTO `t_comment` VALUES ('1', '评论1', '224534431@qq.com', '很快就会立刻就会了', 'https://unsplash.it/100/100?image=1005', '2020-03-05 13:50:49', '1', '0');
INSERT INTO `t_comment` VALUES ('2', '评论2', '224534431@qq.com', '对方水电费1111', 'https://unsplash.it/100/100?image=1005', '2020-03-05 13:51:18', '1', '1');
INSERT INTO `t_comment` VALUES ('3', '评论1', '224534431@qq.com', '对方水电2222', 'https://unsplash.it/100/100?image=1005', '2020-03-05 13:51:18', '1', '2');
INSERT INTO `t_comment` VALUES ('4', '评论2', '224534431@qq.com', '对方水电费333', 'https://unsplash.it/100/100?image=1005', '2020-03-05 13:51:18', '1', '1');
INSERT INTO `t_comment` VALUES ('5', '评论1', '224534431@qq.com', '对方水电费444', 'https://unsplash.it/100/100?image=1005', '2020-03-05 13:51:18', '1', '3');
INSERT INTO `t_comment` VALUES ('6', '测试1', 'sdfshkjh@qq.com', 'dasfdasfasdf', 'https://unsplash.it/100/100?image=1005', '2020-03-17 08:06:19', '1', '0');
INSERT INTO `t_comment` VALUES ('7', '测试2', 'sdfshkjh@qq.com', '@测试1:老客户极度恐慌', 'https://unsplash.it/100/100?image=1005', '2020-03-17 08:06:52', '1', '6');
INSERT INTO `t_comment` VALUES ('8', '测试3', 'sdfshkjh@qq.com', '士大夫撒旦', 'https://unsplash.it/100/100?image=1005', '2020-03-17 08:07:48', '1', '7');

-- ----------------------------
-- Table structure for t_tag
-- ----------------------------
DROP TABLE IF EXISTS `t_tag`;
CREATE TABLE `t_tag` (
  `id` bigint(255) NOT NULL AUTO_INCREMENT,
  `name` varchar(20) DEFAULT NULL,
  PRIMARY KEY (`id`)
) ENGINE=InnoDB AUTO_INCREMENT=5 DEFAULT CHARSET=utf8;

-- ----------------------------
-- Records of t_tag
-- ----------------------------
INSERT INTO `t_tag` VALUES ('1', 'java');
INSERT INTO `t_tag` VALUES ('2', 'javascript');
INSERT INTO `t_tag` VALUES ('3', 'vue');
INSERT INTO `t_tag` VALUES ('4', 'css');

-- ----------------------------
-- Table structure for t_type
-- ----------------------------
DROP TABLE IF EXISTS `t_type`;
CREATE TABLE `t_type` (
  `id` bigint(255) NOT NULL AUTO_INCREMENT,
  `name` varchar(20) DEFAULT NULL,
  PRIMARY KEY (`id`)
) ENGINE=InnoDB AUTO_INCREMENT=4 DEFAULT CHARSET=utf8;

-- ----------------------------
-- Records of t_type
-- ----------------------------
INSERT INTO `t_type` VALUES ('1', '错误日志');
INSERT INTO `t_type` VALUES ('2', '开发者日志');
INSERT INTO `t_type` VALUES ('3', '浅谈java');

-- ----------------------------
-- Table structure for t_user
-- ----------------------------
DROP TABLE IF EXISTS `t_user`;
CREATE TABLE `t_user` (
  `id` bigint(255) NOT NULL AUTO_INCREMENT,
  `nickname` varchar(20) DEFAULT NULL,
  `username` varchar(30) DEFAULT NULL,
  `password` varchar(100) DEFAULT NULL,
  `email` varchar(50) DEFAULT NULL,
  `avatar` varchar(100) DEFAULT NULL,
  `type` int(255) DEFAULT NULL,
  `createTime` datetime DEFAULT NULL,
  `updateTime` datetime DEFAULT NULL,
  PRIMARY KEY (`id`)
) ENGINE=InnoDB AUTO_INCREMENT=2 DEFAULT CHARSET=utf8;

-- ----------------------------
-- Records of t_user
-- ----------------------------
INSERT INTO `t_user` VALUES ('1', 'Simple', 'user', 'e10adc3949ba59abbe56e057f20f883e', '2217728002@qq.com', 'https://unsplash.it/100/100?image=1005', '1', '2020-03-05 13:53:29', '2020-03-05 13:53:32');
